{
    "tracker_broadcast": {
        "type": "array",
        "dropshadow": true,
        "margin": "10",
        "content": [
            {
                "type": "array",
                "orientation": "vertical",
                "margin": "0,0",
                "content": [
                    {
                        "type": "array",
                        "orientation": "horizontal",
                        "margin": "0,0",
                        "content": [
                            {
                                "type": "group",
                                "header": "Items",
                                "dock": "top",
                                "content": {
                                    "type": "layout",
                                    "key": "NOverworld_item_grid"
                                }
                            },
                            {
                                "type": "group",
                                "header": "Locations",
                                "dock": "top",
                                "content": {
                                    "type": "layout",
                                    "key": "shared_locations_grid"
                                }
                            },
                            {
                                "type": "group",
                                "header": "Shards",
                                "dock": "top",
                                "content": {
                                    "type": "layout",
                                    "key": "shared_shard_hunt_grid_vertical"
                                }
                            }
                        ]
                    }
                ]
            }
        ]
    }
}
