{
    "name": "Tracker by jat2980",
    "packages": [
        {
            "name": "Final Fantasy 1 Randomizer",
            "author": "jat2980, DarkmoonEX, HaateXIII, Mister Ibis",
            "game_name": "Final Fantasy",
            "flags": [
                "map",
                "pins",
                "chathud",
                "autotracker"
            ],
            "version": "1.4.0.4",
            "uid": "ff1_rando_jat",
            "link": "https://jtoyoda.github.io/ff1_rando_jat.zip",
            "required_app_version": "2.3.0.0",
            "variants": [
                {
                    "name": "Standard Map Tracker",
                    "flags": [
                        "map",
                        "pins",
                        "chathud",
                        "autotracker"
                    ]
                },
                {
                    "name": "Standard Tracker",
                    "flags": [
                        "chathud",
                        "autotracker"
                    ]
                },
                {
                    "name": "Shard Hunt Map Tracker",
                    "flags": [
                        "map",
                        "pins",
                        "chathud",
                        "autotracker"
                    ]
                },
                {
                    "name": "Shard Hunt Tracker",
                    "flags": [
                        "chathud",
                        "autotracker"
                    ]
                }
            ]
        }
    ]
}
