{
    "name": "Tracker by jat2980",
    "packages": [
        {
            "name": "Final Fantasy 1 Randomizer",
            "author": "jat2980, DarkmoonEX, HaateXIII, Mister Ibis, meklin89",
            "game_name": "Final Fantasy",
            "flags": [
                "map",
                "pins",
                "autotracker"  
            ],
            "version": "1.5.0.1",
            "uid": "ff1_rando_jat",
            "link": "https://jtoyoda.github.io/ff1_rando_jat.zip",
            "required_app_version": "2.3.0.0",
            "variants": [
                {
                    "name": "Standard Tracker",
                    "flags": [
                        "autotracker"
                    ]
                },
                {
                    "name": "Shard Hunt Tracker",
                    "flags": [
                        "autotracker"
                    ]
                },
                {
                    "name": "NOverworld",
                    "flags": [
                        "autotracker"
                    ]
                },
                {
                    "name": "NOverworld Shard Hunt",
                    "flags": [
                        "autotracker"
                    ]
                },
                {
                    "name": "Standard Map Tracker",
                    "flags": [
                        "map",
                        "pins",
                        "autotracker"
                    ]
                },
                {
                    "name": "Shard Hunt Map Tracker",
                    "flags": [
                        "map",
                        "pins",
                        "autotracker"
                    ]
                },
                {
                    "name": "NOverworld Map Tracker",
                    "flags": [
                        "map",
                        "pins",
                        "autotracker"
                    ]
                },
                {
                    "name": "NOverworld Shard Hunt Map Tracker",
                    "flags": [
                        "map",
                        "pins",
                        "autotracker"
                    ]
                }
            ]
        }
    ]
}
