{
    "shared_shard_hunt_grid_horizontal": {
        "type": "itemgrid",
        "h_alignment": "center",
        "item_margin": "1,2",
        "item_height": 50,
        "item_width": 100,
        "rows": [
            [ "shardsRequired" ],
            [ "shards" ]
        ]
    },
    "shared_shard_hunt_grid_vertical": {
        "type": "itemgrid",
        "h_alignment": "center",
        "item_margin": "1,2",
        "item_height": 50,
        "item_width": 100,
        "rows": [
            [ "shardsRequired" ],
            [ "shards" ]
        ]
    },
    "tracker_capture_item": {
        "type": "container",
        "content": {
            "type": "itemgrid",
            "h_alignment": "center",
            "item_margin": "1,2",
            "rows": [
                [ "earthorb", "fireorb", "waterorb", "airorb" ],
                [ "lute", "key", "rod", "oxyale", "chime", "cube" ],
                [ "bridge", "ship", "canal", "canoe", "floater" ],
                [ "adamant", "tnt", "crown", "crystal", "herb" ],
                [ "garland", "ruby", "tail", "slab", "bottle" ]
            ]
        }
    },
    "tracker_default": {
        "type": "container",
        "background": "#5f6393",
        "width": 542,
        "height": 250,
        "content": {
            "type": "array",
            "orientation": "horizontal",
            "content": [
                {
                    "type": "group",
                    "header": "Items",
                    "dock": "left",
                    "margin": "0,0,3,0",
                    "content": {
                        "type": "layout",
                        "h_alignment": "center",
                        "v_alignment": "center",
                        "key": "shared_item_grid"
                    }
                },
                {
                    "type": "group",
                    "header": "Locations",
                    "dock": "left",
                    "margin": "0,0,3,0",
                    "content": {
                        "type": "layout",
                        "h_alignment": "center",
                        "v_alignment": "center",
                        "key": "shared_locations_grid"
                    }
                },
                {
                    "type": "group",
                    "header": "Shards",
                    "dock": "left",
                    "margin": "0,0,3,0",
                    "content": {
                        "type": "layout",
                        "h_alignment": "center",
                        "v_alignment": "center",
                        "key": "shared_shard_hunt_grid_vertical"
                    }
                }
            ]
        }
    }
}
